TSI NO,MAINTAINED BY,PRIMARY STREET NAME,SECONDARY STREET NAME,SIGNAL TYPE,PEDESTRIAN SIGNAL,GEOLOCATION
S-384,STATE,HIGHLAND RD,I-10,SIGNAL,NO,POINT (-91.028627587162 30.346894162281)
S-203,CITY-PARISH,ESSEN LN,I-10,SIGNAL,NO,POINT (-91.102051607966 30.407829300722)
S-024,CITY-PARISH,GREENWELL SPRINGS RD,MONTERREY DR,SIGNAL,NO,POINT (-91.083779197965 30.485148447438)
C-104,CITY-PARISH,MAIN ST,4TH ST,SIGNAL,YES,POINT (-91.187162712495 30.451460325766)
S-193,CITY-PARISH,HARDING BLVD,I-110 / VETERAN'S MEMORIAL BLVD,SIGNAL,NO,POINT (-91.160832037077 30.521352320588)
S-081,CITY-PARISH,PERKINS RD,SIEGEN LN,SIGNAL,NO,POINT (-91.07448490455 30.368234778118)
S-094,CITY-PARISH,NORTH ST,22ND ST,SIGNAL,NO,POINT (-91.166096133258 30.453152369443)
C-108,CITY-PARISH,MAIN ST,19TH ST,SIGNAL,NO,POINT (-91.169406120244 30.4519824345)
C-085,CITY-PARISH,HIGHLAND RD,STARING LN,SIGNAL,YES,POINT (-91.122979233891 30.368934876161)
C-092,CITY-PARISH,JOOR RD,CORE LN,SIGNAL,NO,POINT (-91.047618295174 30.576179808014)
C-219,CITY-PARISH,BLUEBONNET BLVD,OLIPHANT RD,SIGNAL,YES,POINT (-91.081373652794 30.404821100189)
C-209,CITY-PARISH,LEE DR,BOONE DR,SIGNAL,NO,POINT (-91.155674994081 30.398370239853)
C-206,CITY-PARISH,SHARP LN,W TAMS DR,BEACON,NO,POINT (-91.072215894969 30.467337745493)
S-049,CITY-PARISH,SCENIC HWY,72ND AVE / MENGEL RD,SIGNAL,YES,POINT (-91.175327454068 30.513997946689)
S-105,CITY-PARISH,PLANK RD,SAINT GERARD AVE,SIGNAL,YES,POINT (-91.153916663244 30.497300568084)
C-075,CITY-PARISH,HIGHLAND RD,DALRYMPLE DR,SIGNAL,YES,POINT (-91.176394297233 30.415832087391)
S-126,CITY-PARISH,CHIPPEWA ST,SORREL AVE,SIGNAL,NO,POINT (-91.181094156861 30.472705839342)
C-129,CITY-PARISH,NORTH ST,LAFAYETTE ST,SIGNAL,YES,POINT (-91.189591136399 30.452451298394)
S-194,CITY-PARISH,SCENIC HWY,MILLS AVE,SIGNAL,NO,POINT (-91.186481135934 30.532935785094)
C-229,CITY-PARISH,COURSEY BLVD,MARKET ST,SIGNAL,NO,POINT (-91.019239139407 30.408211395696)
C-138,CITY-PARISH,SHARP RD,MOLLYLEA DR,SIGNAL,NO,POINT (-91.071543741669 30.452599261498)
S-033,CITY-PARISH,WYANDOTTE ST,I-110,BEACON,NO,POINT (-91.166415826713 30.481734261323)
S-348,CITY-PARISH,OLD HAMMOND HWY,ELWICK DR,BEACON,NO,POINT (-91.040120062267 30.442115929193)
,STATE,JEFFERSON HWY,AIRLINE HWY SERVICE RD,SIGNAL,NO,POINT (-91.065650166062 30.40811985111)
C-033,CITY-PARISH,CONVENTION ST,11TH ST,BEACON,NO,POINT (-91.178633763493 30.448546735831)
S-268,CITY-PARISH,GREENWELL SPRINGS RD,PLATT DR,SIGNAL,NO,POINT (-91.076176057042 30.488598771024)
C-131,CITY-PARISH,NORTH ST,TURNER PLAZA,SIGNAL,YES,POINT (-91.142755619265 30.453834073373)
S-166,CITY-PARISH,FLORIDA ST,EUGENE ST,SIGNAL,NO,POINT (-91.160933084443 30.450129529841)
S-217,CITY-PARISH,AIRLINE HWY,DAWNADELE AVE,SIGNAL,NO,POINT (-91.071911055885 30.41921544767)
C-192,CITY-PARISH,MONTERREY DR,MAMMOTH AVE,SIGNAL,NO,POINT (-91.083779784176 30.473955445865)
C-278,CITY-PARISH,GOVERNMENT ST,21ST ST / CAMELIA AVE,SIGNAL,YES,POINT (-91.16684405168 30.443865773651)
C-123,CITY-PARISH,NORTH ST,5TH ST,SIGNAL,YES,POINT (-91.185954200189 30.45256279059)
C-199,CITY-PARISH,SOUTH BLVD,EAST BLVD,SIGNAL,NO,POINT (-91.180152978151 30.439747100807)
S-134,CITY-PARISH,MAIN ST,9TH ST,SIGNAL,NO,POINT (-91.18100288114 30.45164683973)
S-228,CITY-PARISH,NICHOLSON DR,ROOSEVELT ST,SIGNAL,YES,POINT (-91.187620080722 30.421593717411)
C-271,CITY-PARISH,GOVERNMENT ST,SAINT PHILLIP ST,SIGNAL,YES,POINT (-91.188481943528 30.443300445883)
S-034,CITY-PARISH,GOVERNMENT ST,I-110,SIGNAL,NO,POINT (-91.178810639612 30.443514373543)
S-130,CITY-PARISH,AIRLINE HWY,OLD HAMMOND HWY,SIGNAL,NO,POINT (-91.080629315729 30.431669044704)
C-224,CITY-PARISH,GROOM RD,WALMART,SIGNAL,NO,POINT (-91.128582054357 30.58106124826)
S-112,CITY-PARISH,SCENIC HWY,SCOTLAND AVE,SIGNAL,NO,POINT (-91.180997341112 30.523705389729)
C-239,CITY-PARISH,GREENWELL SPRINGS RD,CAPITOL MIDDLE,SIGNAL,YES,POINT (-91.137178734979 30.463646727175)
S-222,CITY-PARISH,LA 19,I-110,SIGNAL,NO,POINT (-91.178373896657 30.535599638046)
S-135,CITY-PARISH,MAIN ST,10TH ST,SIGNAL,NO,POINT (-91.179887350206 30.451676045872)
C-205,CITY-PARISH,JOOR RD,DENHAM RD,SIGNAL,NO,POINT (-91.046242489785 30.582388620539)
C-127,CITY-PARISH,NORTH ST,39TH ST,SIGNAL,YES,POINT (-91.151021261075 30.453574521571)
S-073,CITY-PARISH,GOVERNMENT ST,FOSTER DR,SIGNAL,YES,POINT (-91.138527210731 30.444542902286)
S-107,CITY-PARISH,PLANK RD,JH COONEY DR,SIGNAL,NO,POINT (-91.151766927658 30.503502540486)
S-104,CITY-PARISH,PLANK RD,LORRAINE ST,SIGNAL,NO,POINT (-91.154137783364 30.496696233503)
S-252,CITY-PARISH,ESSEN LN,PICARDY AVE,SIGNAL,NO,POINT (-91.107449328604 30.398561286225)
C-202,CITY-PARISH,CHOCTAW DR,OAK VILLA BLVD,SIGNAL,NO,POINT (-91.089047385408 30.471610054431)
S-177,CITY-PARISH,SCENIC HWY,BLOUNT RD,SIGNAL,NO,POINT (-91.190832879422 30.540616602269)
S-071,CITY-PARISH,ACADIAN THWY,GOVERNMENT ST,SIGNAL,YES,POINT (-91.154297541994 30.44416777303)
C-198,CITY-PARISH,HARRELL'S FERRY RD,MILLERVILLE RD,SIGNAL,YES,POINT (-91.02443161892 30.429896445159)
S-052,CITY-PARISH,AIRLINE HWY,GREENWELL ST,SIGNAL,NO,POINT (-91.131351292337 30.502381496547)
S-025,CITY-PARISH,OLD HAMMOND HWY,CEDARCREST AVE / SHARP RD,SIGNAL,YES,POINT (-91.066214069943 30.434529833169)
C-083,CITY-PARISH,HIGHLAND RD,SOUTH BLVD / SAINT FERDINAND ST,SIGNAL,YES,POINT (-91.1863851948 30.43958284595)
C-204,CITY-PARISH,HARRELL'S FERRY RD,JONES CREEK RD,SIGNAL,NO,POINT (-91.01426934626 30.426909282876)
S-055,CITY-PARISH,AIRLINE HWY,WINBOURNE AVE / MARIBEL DR,SIGNAL,NO,POINT (-91.115219752178 30.480129711696)
S-148,CITY-PARISH,PLANK RD,HARDING BLVD,SIGNAL,NO,POINT (-91.145434615157 30.521679773398)
S-069,CITY-PARISH,GOVERNMENT ST,EUGENE ST,SIGNAL,YES,POINT (-91.160016686139 30.444032722312)
C-207,CITY-PARISH,JONES CREEK RD,FERRELL AVE,SIGNAL,YES,POINT (-91.016730201261 30.402692742745)
S-307,STATE,HIGHLAND RD,PERKINS RD E,SIGNAL,NO,POINT (-91.027573656804 30.347940243667)
C-213,CITY-PARISH,FOSTER DR,NORTH BLVD,SIGNAL,YES,POINT (-91.138944112166 30.448695193896)
S-103,CITY-PARISH,PLANK RD,EVANGELINE ST,SIGNAL,NO,POINT (-91.155575602187 30.492699400055)
S-260,CITY-PARISH,GOVERNMENT ST,COMMUNITY COLLEGE DR,SIGNAL,YES,POINT (-91.135799528036 30.44459980625)
S-003,STATE,MAIN ST,LANE MEM HOSPITAL,BEACON,NO,POINT (-91.136545697741 30.650027514032)
C-253,CITY-PARISH,CENTRAL THWY,FRENCHTOWN RD,SIGNAL,NO,POINT (-91.022005960266 30.50077700279)
C-142,CITY-PARISH,SHERWOOD FOREST BLVD,NEWCASTLE AVE,SIGNAL,NO,POINT (-91.05150207712 30.420288528354)
S-167,CITY-PARISH,FLORIDA ST,22ND ST,SIGNAL,NO,POINT (-91.165939425932 30.44998375406)
S-113,CITY-PARISH,NORTH ST,9TH ST,SIGNAL,YES,POINT (-91.181151481344 30.45269709622)
C-292,CITY-PARISH,OLD HAMMOND HWY,DRUSILLA LN,SIGNAL,NO,POINT (-91.084023566735 30.431045425772)
S-204,CITY-PARISH,HIGHLAND RD,GARDERE LN,SIGNAL,NO,POINT (-91.119378978875 30.366161429487)
S-092,CITY-PARISH,NORTH BLVD,22ND ST,SIGNAL,YES,POINT (-91.165932567631 30.447860828047)
C-136,CITY-PARISH,PERKINS RD,TERRACE ST,BEACON,NO,POINT (-91.167677069421 30.436661645035)
C-151,CITY-PARISH,THOMAS DELPIT DR,LOUISE ST,SIGNAL,NO,POINT (-91.178779610282 30.434247766764)
S-108,CITY-PARISH,PLANK RD,DAWSON DR / MASON AVE,SIGNAL,NO,POINT (-91.150605711683 30.506793822044)
S-074,CITY-PARISH,GOVERNMENT ST,JEFFERSON HWY,SIGNAL,YES,POINT (-91.130667033116 30.444698636792)
C-236,CITY-PARISH,GOVERNMENT ST,SAINT JAMES ST,SIGNAL,YES,POINT (-91.189470387587 30.443267141135)
C-089,CITY-PARISH,HIGHLAND RD,WASHINGTON ST,SIGNAL,YES,POINT (-91.182697483881 30.430954228304)
S-244,CITY-PARISH,OLD HAMMOND HWY,MILLERVILLE RD,SIGNAL,YES,POINT (-91.024557046217 30.45169437217)
S-154,CITY-PARISH,WASHINGTON ST,I-10,SIGNAL,NO,POINT (-91.174649070241 30.431267306044)
C-077,CITY-PARISH,HIGHLAND RD,LEE DR,SIGNAL,NO,POINT (-91.159749611869 30.393854868669)
C-177,CITY-PARISH,COURSEY BLVD,HICKORY RIDGE BLVD,SIGNAL,NO,POINT (-91.025981876852 30.408079556771)
C-243,CITY-PARISH,GOODWOOD AVE,AUDUBON,BEACON,NO,POINT (-91.12021933435 30.441904443022)
S-175,CITY-PARISH,AIRLINE HWY,PRESCOTT RD,SIGNAL,NO,POINT (-91.121394089376 30.488462966092)
S-165,CITY-PARISH,FLORIDA BLVD,FOSTER DR,SIGNAL,NO,POINT (-91.139028564513 30.450734729269)
C-231,CITY-PARISH,CORPORATE BLVD,TOWNE CENTER BLVD,SIGNAL,YES,POINT (-91.113511843894 30.430716729233)
C-073,CITY-PARISH,HIGHLAND RD,S CAMPUS DR,SIGNAL,YES,POINT (-91.176163769608 30.411532432277)
S-044,CITY-PARISH,SCENIC HWY,HOLLYWOOD ST,SIGNAL,NO,POINT (-91.169915300507 30.499177312362)
S-356,STATE,WAX RD,E BROOKSIDE DR,SIGNAL,NO,POINT (-91.01961273448 30.543071080407)
C-107,CITY-PARISH,MAIN ST,7TH ST,SIGNAL,YES,POINT (-91.183544175819 30.45157308725)
S-010,CITY-PARISH,PLANK RD,LAVEY LN,SIGNAL,NO,POINT (-91.128139061581 30.575676162672)
C-015,CITY-PARISH,CAPITOL LAKE DR,3RD ST,BEACON,NO,POINT (-91.188426189571 30.458053413876)
C-248,CITY-PARISH,CHOCTAW DR,CENTRAL THWY,SIGNAL,NO,POINT (-91.010842706018 30.470667701066)
S-131,CITY-PARISH,AIRLINE HWY,GOODWOOD BLVD,SIGNAL,NO,POINT (-91.088986541196 30.443078588444)
S-124,CITY-PARISH,FLORIDA ST,LAFAYETTE ST,SIGNAL,YES,POINT (-91.189459107824 30.449273584542)
S-158,CITY-PARISH,DALRYMPLE DR,I-10 / LAKESHORE DR,SIGNAL,NO,POINT (-91.168799421829 30.429191574276)
C-279,CITY-PARISH,GOVERNMENT ST,22ND ST,SIGNAL,YES,POINT (-91.165741103113 30.443894039149)
S-090,CITY-PARISH,FLORIDA BLVD,SHARP RD,SIGNAL,NO,POINT (-91.072100265081 30.456544788079)
S-157,CITY-PARISH,DALRYMPLE DR,I-10,SIGNAL,NO,POINT (-91.168675058201 30.426827666375)
S-254,CITY-PARISH,O'NEAL LN,I-12,SIGNAL,NO,POINT (-91.007472643404 30.442553958207)
S-096,CITY-PARISH,PLANK RD,FAIRFIELDS AVE / PAWNEE ST,SIGNAL,NO,POINT (-91.164704132543 30.466751521638)
S-208,CITY-PARISH,GREENWELL SPRINGS RD,JOYCE DR,SIGNAL,NO,POINT (-91.096185317223 30.481887871119)
C-286,CITY-PARISH,FLORIDA ST,5TH ST,SIGNAL,YES,POINT (-91.185868083324 30.449385133302)
S-038,CITY-PARISH,CHOCTAW DR,CHIPPEWA ST / 3RD ST,SIGNAL,NO,POINT (-91.18838486492 30.469196362136)
C-216,CITY-PARISH,GREENWELL SPRINGS RD,LOBDELL BLVD,SIGNAL,NO,POINT (-91.123153720059 30.471555275452)
S-176,CITY-PARISH,NICHOLSON DR,NICHOLSON DR EXT,SIGNAL,NO,POINT (-91.185999074076 30.408352128586)
C-246,CITY-PARISH,BRIGHTSIDE DR,ALVIN DARK AVE,SIGNAL,YES,POINT (-91.182060714024 30.388288646696)
S-187,CITY-PARISH,FLORIDA BLVD,OAK VILLA BLVD,SIGNAL,NO,POINT (-91.087210191977 30.454315629169)
C-270A,CITY-PARISH,NICHOLSON DR,SOUTH BLVD,SIGNAL,YES,POINT (-91.187370887005 30.439727583153)
S-243,CITY-PARISH,GARDERE LN,INNOVATION PARK DR / GSRI AVE,SIGNAL,NO,POINT (-91.12704642364 30.35531158485)
C-141,CITY-PARISH,SHERWOOD FOREST BLVD,LAKE SHERWOOD AVE N,SIGNAL,NO,POINT (-91.051485639674 30.417471436323)
S-106,CITY-PARISH,PLANK RD,HOLLYWOOD ST,SIGNAL,NO,POINT (-91.153171241208 30.499471885794)
C-215,CITY-PARISH,GREENWELL SPRINGS RD,CHOCTAW DR,SIGNAL,NO,POINT (-91.123912739061 30.471086349144)
S-054,CITY-PARISH,AIRLINE HWY,EVANGELINE ST,SIGNAL,NO,POINT (-91.12498429991 30.493522286175)
S-248,CITY-PARISH,AIRLINE HWY,COURSEY BLVD / BLUEBONNET BLVD,SIGNAL,NO,POINT (-91.069934981973 30.416391682449)
S-231,CITY-PARISH,BURBANK DR,LEE DR,SIGNAL,NO,POINT (-91.162020121211 30.391697885081)
S-164,CITY-PARISH,FLORIDA BLVD,ARDENWOOD AVE,SIGNAL,NO,POINT (-91.127436534682 30.451119442676)
S-009,CITY-PARISH,PLANK RD,GROOM RD,SIGNAL,NO,POINT (-91.126677514524 30.580212098402)
S-109,CITY-PARISH,PLANK RD,SUMRALL DR,SIGNAL,NO,POINT (-91.148458116928 30.512937622549)
C-175,CITY-PARISH,HIGHLAND RD,KENILWORTH PKWY,SIGNAL,NO,POINT (-91.138124287943 30.377840078572)
S-050,CITY-PARISH,AIRLINE HWY,BEECHWOOD DR,SIGNAL,NO,POINT (-91.144409348758 30.509206028958)
C-164,CITY-PARISH,SULLIVAN RD,LOVETT RD,SIGNAL,NO,POINT (-91.027847812347 30.521604866878)
S-037,CITY-PARISH,NORTH ST,RIVER RD,SIGNAL,YES,POINT (-91.190443771604 30.452425093203)
S-121A,CITY-PARISH,NORTH BLVD,T.J. JEMISON BLVD,SIGNAL,NO,POINT (-91.18053808554 30.447293159984)
C-110,CITY-PARISH,MAIN ST,LAFAYETTE ST,SIGNAL,YES,POINT (-91.1895507125 30.451392093248)
C-237,CITY-PARISH,COURSEY BLVD,ROYAL ASCOT AVE / SOUTHPARK DR,SIGNAL,NO,POINT (-91.057929140446 30.414750601311)
S-051,CITY-PARISH,AIRLINE HWY,MC CLELLAND DR,SIGNAL,NO,POINT (-91.1354652017 30.506128468336)
C-146,CITY-PARISH,STANFORD AVE,HYACINTH ST / E LAKESHORE DR,SIGNAL,YES,POINT (-91.157720078191 30.414489879511)
C-233,CITY-PARISH,GREENWELL SPRINGS RD,PAULSON ST,SIGNAL,YES,POINT (-91.134349539268 30.465237855815)
S-091,CITY-PARISH,FLORIDA BLVD,SHERWOOD FOREST BLVD,SIGNAL,NO,POINT (-91.058166049734 30.458778146673)
S-078,CITY-PARISH,PERKINS RD,ACADIAN THWY / STANFORD AVE,SIGNAL,YES,POINT (-91.152878024217 30.421106191949)
C-225,CITY-PARISH,OAK VILLA BLVD,CROSSWAY AVE,SIGNAL,NO,POINT (-91.088768543221 30.460286952547)
C-137,CITY-PARISH,PRESCOTT RD,E BROOKSTOWN RD,SIGNAL,YES,POINT (-91.128227071796 30.488462854994)
C-113,CITY-PARISH,MICKENS RD,SILVERLEAF AVE,SIGNAL,NO,POINT (-91.121849378091 30.518985578499)
C-158,CITY-PARISH,WINBOURNE AVE,JUBAN AVE,BEACON,NO,POINT (-91.121683782014 30.479548745861)
S-251,CITY-PARISH,AIRLINE HWY,INDUSTRIPLEX BLVD / PECUE LN,SIGNAL,NO,POINT (-91.041772192948 30.385032080619)
C-091,CITY-PARISH,JONES CREEK RD,SHENANDOAH AVE,SIGNAL,YES,POINT (-91.017660008839 30.397179215535)
S-186,CITY-PARISH,FLORIDA BLVD,FLANNERY RD,SIGNAL,NO,POINT (-91.03528055587 30.462471040697)
S-233,CITY-PARISH,ACADIAN THWY,BROUSSARD ST,SIGNAL,NO,POINT (-91.152635723426 30.436111745888)
S-229,CITY-PARISH,FLORIDA BLVD,MC GEHEE DR / GREEN OAK DR,SIGNAL,NO,POINT (-91.06457420903 30.45775242457)
C-189,CITY-PARISH,CORTANA PL,AIRWAY DR,SIGNAL,NO,POINT (-91.095241296026 30.460638806082)
S-137,CITY-PARISH,NORTH ST,10TH ST,SIGNAL,NO,POINT (-91.180209202831 30.452721747657)
C-122,CITY-PARISH,NORTH ST,4TH ST,SIGNAL,YES,POINT (-91.187204688209 30.452524606648)
C-211,CITY-PARISH,FOSTER DR,GREENWELL SPRINGS RD / GUS YOUNG AVE,SIGNAL,YES,POINT (-91.139553701535 30.462345802113)
S-139,CITY-PARISH,FLORIDA ST,4TH ST,SIGNAL,YES,POINT (-91.18708042634 30.449340380567)
C-277,CITY-PARISH,GOVERNMENT ST,19TH ST / PARK BLVD,SIGNAL,YES,POINT (-91.169079105573 30.443808093908)
S-043,CITY-PARISH,SCENIC HWY,BEECH ST / REFINERY,SIGNAL,YES,POINT (-91.169678342567 30.494655892608)
S-345,CITY-PARISH,BLUEBONNET BLVD,TIMBERLAKE AVE,BEACON,NO,POINT (-91.100389618702 30.373516727707)
S-027,CITY-PARISH,ACADIAN THWY,I-10,SIGNAL,NO,POINT (-91.150840263955 30.424138888759)
S-029,CITY-PARISH,SHERWOOD FOREST BLVD,I-12,SIGNAL,NO,POINT (-91.056661487298 30.430029046523)
S-116,CITY-PARISH,SCENIC HWY,WINBOURNE AVE,SIGNAL,NO,POINT (-91.1686613928 30.477809252988)
S-232,CITY-PARISH,ACADIAN THWY,HUNDRED OAKS AVE,SIGNAL,YES,POINT (-91.152507922053 30.43231848857)
C-074,CITY-PARISH,HIGHLAND RD,CHIMES ST,SIGNAL,YES,POINT (-91.176449475463 30.417232575459)
S-095,CITY-PARISH,FUQUA ST,22ND ST,SIGNAL,YES,POINT (-91.166191330166 30.457391938009)
C-218,CITY-PARISH,SULLIVAN RD,WALMART,SIGNAL,NO,POINT (-91.028302481198 30.540936350457)
C-087,CITY-PARISH,HIGHLAND RD,SUNSET BLVD,BEACON,NO,POINT (-91.15259703911 30.388529621229)
C-210,CITY-PARISH,MILLERVILLE RD,AVALON AVE,SIGNAL,YES,POINT (-91.024514855157 30.446710751592)
C-160,CITY-PARISH,TOM DR,WOODDALE BLVD,SIGNAL,NO,POINT (-91.111911782124 30.463172720716)
S-030,CITY-PARISH,EVANGELINE ST,I-110,SIGNAL,NO,POINT (-91.163656191099 30.492124814411)
C-190,CITY-PARISH,SANTA MARIA PKWY,GOLF COURSE,SIGNAL,YES,POINT (-91.010056160719 30.339918976127)
S-119,CITY-PARISH,CAPITOL ACCESS RD,W HIGHWAY DR,SIGNAL,NO,POINT (-91.178546220867 30.458217416806)
S-093,CITY-PARISH,MAIN ST,22ND ST,SIGNAL,NO,POINT (-91.166033612361 30.452080676803)
C-076,CITY-PARISH,HIGHLAND RD,ASTER ST,SIGNAL,NO,POINT (-91.177327975155 30.419852456233)
S-256,CITY-PARISH,BLUEBONNET BLVD,I-10,SIGNAL,NO,POINT (-91.085831090233 30.395250508113)
S-223,CITY-PARISH,PERKINS RD,BLUEBONNET BLVD,SIGNAL,YES,POINT (-91.097977271862 30.379217676272)
C-124,CITY-PARISH,NORTH ST,6TH ST,SIGNAL,YES,POINT (-91.1847940265 30.452599657831)
S-172,CITY-PARISH,AIRLINE HWY,CEDARCREST AVE,SIGNAL,NO,POINT (-91.067953328284 30.413697181342)
C-203,CITY-PARISH,TOM  DR,AIRWAY DR,SIGNAL,NO,POINT (-91.098728610459 30.468130518822)
S-156,CITY-PARISH,NICHOLSON DR,MC KINLEY ST,SIGNAL,YES,POINT (-91.187684440086 30.423582449252)
S-159,CITY-PARISH,PERKINS RD,I-10,SIGNAL,NO,POINT (-91.155473070962 30.422402603208)
C-200,CITY-PARISH,PICARDY AVE,SUMMA AVE,SIGNAL,NO,POINT (-91.093051799314 30.392457341111)
C-095,CITY-PARISH,LAUREL ST,5TH ST,SIGNAL,YES,POINT (-91.185919591194 30.450442987744)
S-163,CITY-PARISH,FLORIDA BLVD,WOODDALE BLVD,SIGNAL,NO,POINT (-91.104091566085 30.451956835257)
S-146,CITY-PARISH,LA 19,ROSENWALD RD,SIGNAL,NO,POINT (-91.179167963724 30.531475696428)
C-148,CITY-PARISH,STARING LN,HYACINTH ST,SIGNAL,YES,POINT (-91.112463614534 30.385493153271)
C-082,CITY-PARISH,HIGHLAND RD,ROOSEVELT ST,SIGNAL,YES,POINT (-91.17823406124 30.421823325346)
C-244,CITY-PARISH,COURSEY BLVD,LAKE SHERWOOD AVE E,SIGNAL,NO,POINT (-91.041476841595 30.410870146279)
C-114,CITY-PARISH,MONTERREY DR,GREAT SMOKY AVE,SIGNAL,NO,POINT (-91.083678863073 30.476253287724)
C-098,CITY-PARISH,LAUREL ST,LAFAYETTE ST,SIGNAL,YES,POINT (-91.189503326779 30.450330155015)
C-102,CITY-PARISH,LOBDELL BLVD,HARRY DR,SIGNAL,NO,POINT (-91.112864510384 30.45770492517)
S-053,CITY-PARISH,AIRLINE HWY,MERRYDALE AVE,SIGNAL,NO,POINT (-91.128442817307 30.498570107434)
S-151,CITY-PARISH,CONVENTION ST,9TH ST,SIGNAL,YES,POINT (-91.181016619271 30.448486188266)
C-134,CITY-PARISH,PARK BLVD,TERRACE ST,SIGNAL,NO,POINT (-91.168765121159 30.43662688689)
C-169,CITY-PARISH,O'NEAL LN,GEORGE O'NEAL RD,SIGNAL,YES,POINT (-91.008634115406 30.407520779884)
C-120,CITY-PARISH,NORTH BLVD,PEACHTREE BLVD,SIGNAL,YES,POINT (-91.152357979929 30.448298379654)
C-196,CITY-PARISH,PICARDY AVE,DIJON DR,SIGNAL,NO,POINT (-91.112879288663 30.401073083361)
C-154,CITY-PARISH,THOMAS DELPIT DR,TERRACE ST,SIGNAL,NO,POINT (-91.180123434083 30.436323209617)
S-162,CITY-PARISH,JEFFERSON HWY,DRUSILLA LN,SIGNAL,NO,POINT (-91.089883016139 30.417225174323)
S-039,CITY-PARISH,CHIPPEWA ST,PHLOX AVE,SIGNAL,NO,POINT (-91.179252607336 30.472769361004)
S-206,CITY-PARISH,FLORIDA BLVD,DONMOOR AVE,SIGNAL,NO,POINT (-91.118394977384 30.451426210888)
C-272,CITY-PARISH,GOVERNMENT ST,SAINT LOUIS ST,SIGNAL,YES,POINT (-91.187499838434 30.44333783846)
C-162,CITY-PARISH,CHOCTAW DR,FLANNERY RD,SIGNAL,NO,POINT (-91.033978019972 30.472013824543)
S-180,CITY-PARISH,SCENIC HWY,FOSS ST,SIGNAL,NO,POINT (-91.167625973061 30.45993187291)
S-099,CITY-PARISH,PLANK RD,WINBOURNE AVE,SIGNAL,NO,POINT (-91.16066295971 30.478257842558)
C-079,CITY-PARISH,HIGHLAND RD,MC KINLEY ST,SIGNAL,YES,POINT (-91.179139377989 30.423797300217)
C-153,CITY-PARISH,THOMAS DELPIT DR,POLK ST,SIGNAL,NO,POINT (-91.176804959897 30.427034516824)
C-038,CITY-PARISH,COURSEY BLVD,CEDARCREST AVE,SIGNAL,NO,POINT (-91.067621422727 30.417517149055)
S-245,CITY-PARISH,FLORIDA BLVD,MONTERREY BLVD,SIGNAL,NO,POINT (-91.084520700256 30.45458949458)
C-208,CITY-PARISH,STANFORD AVE,W LAKESHORE DR / LSU AVE,SIGNAL,NO,POINT (-91.164973324043 30.406725982128)
S-210,CITY-PARISH,OLD HAMMOND HWY,FAIRWAY DR / TARA BLVD,SIGNAL,NO,POINT (-91.091349675302 30.430975437354)
S-026,CITY-PARISH,OLD HAMMOND HWY,SHERWOOD FOREST BLVD,SIGNAL,YES,POINT (-91.057346519349 30.436786817366)
C-197,CITY-PARISH,MAIN ST,SACRED HEART,SIGNAL,YES,POINT (-91.165448939355 30.452098341048)
C-161,CITY-PARISH,CHOCTAW DR,AIRWAY DR,SIGNAL,NO,POINT (-91.098876008802 30.471343277969)
S-031,CITY-PARISH,MOHICAN ST,I-110,SIGNAL,NO,POINT (-91.166320786805 30.484637976225)
S-185,CITY-PARISH,LA 19,BLOUNT RD,SIGNAL,NO,POINT (-91.176755239237 30.543426249532)
S-133,CITY-PARISH,SPANISH TOWN RD,9TH ST,SIGNAL,NO,POINT (-91.181144037544 30.454820344404)
S-257,CITY-PARISH,SIEGEN LN,I-10,SIGNAL,NO,POINT (-91.066017805876 30.382076023795)
C-117,CITY-PARISH,NORTH BLVD,19TH ST,SIGNAL,NO,POINT (-91.169233860304 30.447763639362)
S-110,STATE,PLANK RD,KLEINPETER RD / HALSEY ST,SIGNAL,NO,POINT (-91.135342685252 30.552249437964)
C-273,CITY-PARISH,GOVERNMENT ST,SAINT FERDINAND ST,SIGNAL,YES,POINT (-91.186538793712 30.443363801531)
C-201,CITY-PARISH,N MALL DR,COURTYARD MARRIOT,SIGNAL,NO,POINT (-91.065528821535 30.379203529121)
S-041,CITY-PARISH,SCENIC HWY,WINNEBAGO ST,BEACON,NO,POINT (-91.168975158962 30.482984432045)
S-209,CITY-PARISH,OLD HAMMOND HWY,FLANNERY RD,SIGNAL,NO,POINT (-91.034265178155 30.445535902148)
C-080,CITY-PARISH,HIGHLAND RD,PARKER BLVD,SIGNAL,YES,POINT (-91.173638599368 30.404600231208)
C-258,CITY-PARISH,MILLERVILLE RD,MILLERVILLE GREENS BLVD,SIGNAL,NO,POINT (-91.024268625715 30.440942783736)
S-247,CITY-PARISH,MILLERVILLE RD,I-12,SIGNAL,NO,POINT (-91.02426387304 30.438118047354)
C-179,CITY-PARISH,E AIRPORT AVE,INDEPENDENCE BLVD,SIGNAL,YES,POINT (-91.102181506226 30.445545041931)
C-284,CITY-PARISH,FLORIDA ST,7TH ST,SIGNAL,YES,POINT (-91.183424617361 30.449454530944)
S-224,CITY-PARISH,GREENWELL SPRINGS RD,LANIER DR,SIGNAL,NO,POINT (-91.108930190824 30.477951377679)
C-242,CITY-PARISH,MALL OF LOUISIANA BLVD,AMC THEATER,SIGNAL,NO,POINT (-91.085478834185 30.386910153946)
S-211,CITY-PARISH,ESSEN LN,HENNESSY BLVD / SUMMA AVE,SIGNAL,NO,POINT (-91.1054294311 30.401821164542)
C-111,CITY-PARISH,MAIN ST,3RD ST,SIGNAL,YES,POINT (-91.188352796955 30.451425838497)
SU-2,STATE,B.A. LITTLE DR,ISABEL HERSON DR,SIGNAL,NO,POINT (-91.191255616344 30.526770011213)
S-097,CITY-PARISH,PLANK RD,CHOCTAW DR,SIGNAL,NO,POINT (-91.163576749244 30.469968794501)
C-103,CITY-PARISH,LOBDELL BLVD,TOM DR,SIGNAL,NO,POINT (-91.116114801349 30.462347783323)
S-022,CITY-PARISH,GREENWELL SPRINGS RD,WOODDALE BLVD,SIGNAL,NO,POINT (-91.116074661274 30.475300899303)
S-188,CITY-PARISH,AIRLINE HWY,FLORLINE BLVD,SIGNAL,NO,POINT (-91.099125299762 30.45756290238)
C-170,CITY-PARISH,SAINT LOUIS ST,GOVERNMENTAL BLDG,BEACON,NO,POINT (-91.187578314352 30.446029022918)
S-173,CITY-PARISH,SCENIC HWY,THOMAS RD,BEACON,NO,POINT (-91.197581899312 30.551945365717)
C-283,CITY-PARISH,JEFFERSON HWY,LOBDELL AVE,SIGNAL,YES,POINT (-91.110850487674 30.433145171868)
S-032,CITY-PARISH,CHIPPEWA ST,I-110,SIGNAL,NO,POINT (-91.167094493351 30.473227474555)
C-241,CITY-PARISH,MALL OF LOUISIANA BLVD,MALL DRIVE 1,SIGNAL,YES,POINT (-91.083514637515 30.38779319891)
C-147,CITY-PARISH,STANFORD AVE,MORNING GLORY AVE,SIGNAL,YES,POINT (-91.155513770843 30.416867082217)
C-285,CITY-PARISH,FLORIDA ST,6TH ST,SIGNAL,YES,POINT (-91.184684305531 30.449419232737)
C-128,CITY-PARISH,NORTH ST,EUGENE ST,SIGNAL,NO,POINT (-91.161044091644 30.45330317762)
C-135,CITY-PARISH,PERKINS RD,BROUSSARD ST  / MAGNOLIA AVE,SIGNAL,NO,POINT (-91.167432739591 30.435728841037)
S-216,CITY-PARISH,FLORIDA BLVD,STEVENDALE RD,SIGNAL,NO,POINT (-91.003025069554 30.467437229554)
S-328,CITY-PARISH,AIRLINE HWY,HOME DEPOT,SIGNAL,NO,POINT (-91.102565654126 30.462366522631)
S-144,CITY-PARISH,LAUREL ST,9TH ST,SIGNAL,YES,POINT (-91.180969961181 30.450589870191)
C-191,CITY-PARISH,TIGER BEND RD,ANTIOCH RD,SIGNAL,NO,POINT (-91.00735573509 30.389583488391)
S-235,CITY-PARISH,JEFFERSON HWY,BLUEBONNET RD,SIGNAL,NO,POINT (-91.080371702419 30.412146100051)
C-086,CITY-PARISH,HIGHLAND RD,STATE ST,SIGNAL,YES,POINT (-91.176596630069 30.418216970898)
S-225,CITY-PARISH,AIRLINE HWY,INTERLINE AVE,SIGNAL,NO,POINT (-91.077954434572 30.427889780984)
S-117,CITY-PARISH,SCENIC HWY,MOHICAN ST,SIGNAL,NO,POINT (-91.169041267177 30.484462537185)
C-159,CITY-PARISH,WINBOURNE AVE,VICTORIA DR,SIGNAL,YES,POINT (-91.117582223954 30.479761990687)
C-230,CITY-PARISH,RIVER RD,RIVER CENTER CRSWLK,SIGNAL,YES,POINT (-91.19013568877 30.445354553407)
S-267,CITY-PARISH,BURBANK DR,E BOYD DR,SIGNAL,YES,POINT (-91.17524316365 30.400764416556)
S-220,CITY-PARISH,SHERWOOD FOREST BLVD,S HARRELL'S FERRY RD / MEAD RD,SIGNAL,NO,POINT (-91.056007091937 30.428586815763)
C-100,CITY-PARISH,LEE DR,HYACINTH ST,SIGNAL,NO,POINT (-91.147591112997 30.409723665171)
S-219,CITY-PARISH,NICHOLSON DR,TERRACE ST,SIGNAL,YES,POINT (-91.187312820575 30.436302728692)
S-202,CITY-PARISH,PLANK RD,I-110,SIGNAL,NO,POINT (-91.166391736109 30.462189393661)
C-167,CITY-PARISH,NORTH ST,33RD ST,BEACON,NO,POINT (-91.155767918613 30.453459501772)
C-232,CITY-PARISH,NORTH BLVD,RIVER RD,SIGNAL,YES,POINT (-91.190173544014 30.447086522712)
S-088,CITY-PARISH,FLORIDA BLVD,LOBDELL BLVD,SIGNAL,NO,POINT (-91.11215866771 30.451713018956)
S-127,CITY-PARISH,SCENIC HWY,CHIPPEWA ST,SIGNAL,NO,POINT (-91.168379064525 30.473122339397)
S-240,CITY-PARISH,HARDING BLVD,PEMBROKE ST,BEACON,NO,POINT (-91.168432662374 30.520909535346)
C-280,CITY-PARISH,JEFFERSON HWY,CLAYCUT RD / GOODWOOD AVE,SIGNAL,YES,POINT (-91.130139332944 30.441580462898)
S-098,CITY-PARISH,PLANK RD,CHIPPEWA ST,SIGNAL,NO,POINT (-91.162389258415 30.473350418633)
S-072,CITY-PARISH,GOVERNMENT ST,EDISON ST,SIGNAL,YES,POINT (-91.147082173534 30.44434422955)
S-215,CITY-PARISH,GREENWELL SPRINGS RD,SHERWOOD FOREST BLVD,SIGNAL,NO,POINT (-91.060755257811 30.493711621545)
C-245,CITY-PARISH,PICARDY AVE,MEDICAL CENTER DR,SIGNAL,YES,POINT (-91.095849713824 30.392075806055)
S-150,CITY-PARISH,CONVENTION ST,10TH ST,SIGNAL,NO,POINT (-91.179838647279 30.448515871423)
S-084,CITY-PARISH,ACADIAN THWY,FLORIDA BLVD,SIGNAL,YES,POINT (-91.154665988659 30.450334220011)
C-088,CITY-PARISH,HIGHLAND RD,TERRACE ST,SIGNAL,YES,POINT (-91.185261899431 30.436194068318)
S-086,CITY-PARISH,FLORIDA ST,PEACHTREE BLVD,SIGNAL,NO,POINT (-91.152420103725 30.450416998892)
C-238,CITY-PARISH,BLUEBONNET BLVD,CELTIC DR,SIGNAL,NO,POINT (-91.073278579203 30.415403564506)
S-181,CITY-PARISH,LOUISE ST,BRADDOCK ST,BEACON,NO,POINT (-91.177121016995 30.434288120122)
S-178,CITY-PARISH,SCENIC HWY,CHOCTAW DR,SIGNAL,NO,POINT (-91.168185557669 30.469852513912)
C-182,CITY-PARISH,BLUEBONNET BLVD,GAIL DR,SIGNAL,YES,POINT (-91.084203936952 30.400513640609)
C-078,CITY-PARISH,HIGHLAND RD,LSU AVE,SIGNAL,YES,POINT (-91.170557829945 30.402215399624)
C-193,CITY-PARISH,CORPORATE BLVD,CITIPLACE CT,SIGNAL,NO,POINT (-91.129974914187 30.425055600909)
C-037,CITY-PARISH,FLORLINE BLVD,CORTANA PL,SIGNAL,NO,POINT (-91.096896534633 30.458288067457)
S-080,CITY-PARISH,ESSEN LN / STARING LN,PERKINS RD,SIGNAL,NO,POINT (-91.109631532801 30.394971690464)
C-176,CITY-PARISH,SHERWOOD FOREST BLVD,CATALINA AVE,SIGNAL,NO,POINT (-91.058642383545 30.484067067651)
S-190,CITY-PARISH,FLORIDA BLVD,LITTLE JOHN DR,SIGNAL,NO,POINT (-91.051289219001 30.459846730012)
S-249,CITY-PARISH,AIRLINE HWY,VINE ST / CONNELL'S VILLAGE LN,SIGNAL,NO,POINT (-91.092148038054 30.447654130641)
S-082,CITY-PARISH,FLORIDA ST,9TH ST,SIGNAL,YES,POINT (-91.181074473389 30.449513972428)
S-199,CITY-PARISH,PLANK RD,72ND AVE / MONARCH AVE,SIGNAL,NO,POINT (-91.147577454404 30.515422348226)
C-274,CITY-PARISH,GOVERNMENT ST,SAINT CHARLES ST,SIGNAL,YES,POINT (-91.185345895467 30.443391886183)
S-138,CITY-PARISH,FLORIDA ST,3RD ST,SIGNAL,YES,POINT (-91.188278516945 30.449306013782)
C-105,CITY-PARISH,MAIN ST,5TH ST,SIGNAL,YES,POINT (-91.185960369845 30.451497781764)
C-106,CITY-PARISH,MAIN ST,6TH ST,SIGNAL,YES,POINT (-91.184772641328 30.451534803936)
S-234,CITY-PARISH,ACADIAN THWY,CLAYCUT RD,SIGNAL,NO,POINT (-91.152453029111 30.439983935251)
S-114,CITY-PARISH,AIRLINE HWY,FOSTER DR,SIGNAL,NO,POINT (-91.141444245183 30.508702533218)
C-046,CITY-PARISH,EVANGELINE ST,E BROOKSTOWN RD,BEACON,NO,POINT (-91.128369362442 30.493453963389)
S-212,CITY-PARISH,NICHOLSON DR,BRIGHTSIDE DR / LEE DR,SIGNAL,YES,POINT (-91.171823050635 30.388306368227)
C-064,CITY-PARISH,GOODWOOD BLVD,SHARP RD,SIGNAL,YES,POINT (-91.068065690916 30.444873282701)
S-128,CITY-PARISH,AIRLINE HWY,CHOCTAW DR,SIGNAL,NO,POINT (-91.108762466766 30.471092151972)
C-234,CITY-PARISH,COLLEGE DR,BANKERS AVE / BAWELL ST,SIGNAL,YES,POINT (-91.137073016279 30.427053796637)
S-236,CITY-PARISH,JEFFERSON HWY,STUMBERG LN,SIGNAL,YES,POINT (-91.039180179464 30.393676383321)
S-161,CITY-PARISH,JEFFERSON HWY,ESSEN LN,SIGNAL,NO,POINT (-91.096694521048 30.419372499542)
S-174,CITY-PARISH,NICHOLSON DR,JENNIFER JEAN DR / BOB PETTIT BLVD,SIGNAL,YES,POINT (-91.177985947257 30.396700795132)
S-089,CITY-PARISH,FLORIDA BLVD,CORA AVE,SIGNAL,NO,POINT (-91.081350827936 30.455084297809)
C-222,CITY-PARISH,MILLERVILLE RD,WELDWOOD DR,SIGNAL,NO,POINT (-91.02437028587 30.435402469936)
C-116,CITY-PARISH,NORTH BLVD,5TH ST / ST CHARLES ST,SIGNAL,YES,POINT (-91.185484977444 30.447145323655)
S-143,CITY-PARISH,LAUREL ST,10TH ST,SIGNAL,NO,POINT (-91.179851877698 30.450625772825)
C-217,CITY-PARISH,GREENWELL SPRINGS RD,VICTORIA DR,SIGNAL,NO,POINT (-91.11742223342 30.474672746137)
C-084,CITY-PARISH,HIGHLAND RD,S STADIUM RD,SIGNAL,NO,POINT (-91.176048729375 30.409024340976)
S-385,STATE,GREENWELL SPRINGS RD,DENHAM RD,BEACON,NO,POINT (-90.998367129298 30.588895586919)
C-270B,CITY-PARISH,SOUTH BLVD,SAINT PHILLIP ST,SIGNAL,YES,POINT (-91.188355556883 30.439708854794)
S-262,CITY-PARISH,FLORIDA BLVD,CLOUD DR,SIGNAL,NO,POINT (-91.132187829637 30.45096443026)
C-240,CITY-PARISH,BLOUNT RD,VETERANS MEMORIAL BLVD,SIGNAL,NO,POINT (-91.166114049229 30.544871506476)
C-155,CITY-PARISH,THOMAS DELPIT DR,WASHINGTON ST,SIGNAL,NO,POINT (-91.176958573107 30.431137545823)
C-186,CITY-PARISH,CORPORATE BLVD,ENERGY DR,SIGNAL,NO,POINT (-91.13204288549 30.425040320285)
S-170,CITY-PARISH,ESSEN LN,I-12,SIGNAL,NO,POINT (-91.098390382266 30.415705664291)
C-140,CITY-PARISH,SHERWOOD FOREST BLVD,COURSEY BLVD,SIGNAL,NO,POINT (-91.051636199759 30.411192006067)
C-150,CITY-PARISH,THOMAS DELPIT DR,BUCHANAN ST,SIGNAL,NO,POINT (-91.176755418037 30.425041363372)
S-023,CITY-PARISH,GREENWELL SPRINGS RD,JOOR RD / OAK VILLA BLVD,SIGNAL,NO,POINT (-91.089688367364 30.483633780243)
C-090,CITY-PARISH,HOLLYWOOD ST,MC CLELLAND DR,SIGNAL,YES,POINT (-91.135223784336 30.499845923305)
C-281,CITY-PARISH,JEFFERSON HWY,COLLEGE DR,SIGNAL,NO,POINT (-91.127144122148 30.438959572713)
C-183,CITY-PARISH,BLUEBONNET BLVD,BLUE CROSS PKWY,SIGNAL,NO,POINT (-91.084453476039 30.397635912466)
C-130,CITY-PARISH,NORTH ST,3RD ST,SIGNAL,YES,POINT (-91.188393813806 30.452488081958)
S-047,CITY-PARISH,SCENIC HWY,MASON AVE,SIGNAL,NO,POINT (-91.17103785642 30.507013053794)
C-139,CITY-PARISH,SHERWOOD FOREST BLVD,N HARRELL'S FERRY RD,SIGNAL,NO,POINT (-91.057315413641 30.432802538678)
S-184,CITY-PARISH,HARDING BLVD,ELTON HARRISON DR,SIGNAL,NO,POINT (-91.192064924358 30.520151626142)
S-160,CITY-PARISH,JEFFERSON HWY,MC CARROLL DR,SIGNAL,YES,POINT (-91.107423545401 30.428251722224)
C-156,CITY-PARISH,WINBOURNE AVE,38TH ST,SIGNAL,NO,POINT (-91.15287174825 30.478483088777)
C-157,CITY-PARISH,WINBOURNE AVE,DOUGHERTY DR,SIGNAL,NO,POINT (-91.135609828825 30.479110356037)
S-239,CITY-PARISH,NICHOLSON DR,GARDERE LN,SIGNAL,NO,POINT (-91.140437984411 30.34583409121)
C-125,CITY-PARISH,NORTH ST,19TH ST,SIGNAL,NO,POINT (-91.169455946747 30.453038163774)
S-269,STATE,GREENWELL SPRINGS RD,MONTICELLO BLVD,SIGNAL,NO,POINT (-91.051879666332 30.496781313238)
C-184,CITY-PARISH,INDUSTRIPLEX BLVD,EXCHEQUER DR,SIGNAL,NO,POINT (-91.047988114889 30.384341525534)
C-212,CITY-PARISH,FOSTER DR,NORTH ST,SIGNAL,NO,POINT (-91.13919547495 30.453947122027)
C-145,CITY-PARISH,SOUTH BLVD,EDDIE ROBINSON DR,SIGNAL,NO,POINT (-91.175543497931 30.439715128504)
S-100,CITY-PARISH,PLANK RD,MOHICAN ST,SIGNAL,NO,POINT (-91.158348948814 30.484833932158)
S-125,CITY-PARISH,SCENIC HWY,HARDING BLVD,SIGNAL,NO,POINT (-91.179059090898 30.520511504278)
S-036,CITY-PARISH,COLLEGE DR,I-10,SIGNAL,NO,POINT (-91.138706183063 30.424380533774)
C-275,CITY-PARISH,GOVERNMENT ST,EAST BLVD,SIGNAL,YES,POINT (-91.180296496167 30.44353615634)
C-256,CITY-PARISH,PERKINS RD,ACADIAN VILLAGE,SIGNAL,YES,POINT (-91.154150640752 30.421720430179)
S-042,CITY-PARISH,SCENIC HWY,EVANGELINE ST,SIGNAL,NO,POINT (-91.169575377127 30.492532702895)
S-011,STATE,GREENWELL SPRINGS RD,HOOPER RD,BEACON,NO,POINT (-90.992629269413 30.572871111334)
S-028,CITY-PARISH,HOLLYWOOD ST,I-110,SIGNAL,YES,POINT (-91.159576149769 30.499500694286)
C-017,CITY-PARISH,CHOCTAW DR,ARDENWOOD AVE,SIGNAL,NO,POINT (-91.130199883979 30.470902985397)
C-133,CITY-PARISH,PERKINS RD,PARK BLVD,SIGNAL,NO,POINT (-91.168804140084 30.437947957708)
C-118,CITY-PARISH,NORTH BLVD,EUGENE ST,SIGNAL,NO,POINT (-91.160504159379 30.448036127066)
S-087,CITY-PARISH,FLORIDA BLVD,TOUCHDOWN PLAZA,SIGNAL,NO,POINT (-91.114025897962 30.451712892504)
C-187,CITY-PARISH,JONES CREEK RD,TIGER BEND RD,SIGNAL,YES,POINT (-91.018596136902 30.391387110729)
C-013,CITY-PARISH,ARDENWOOD DR,RENOIR AVE,SIGNAL,YES,POINT (-91.127777258477 30.460910333878)
C-014,CITY-PARISH,ARDENWOOD DR,WINBOURNE AVE,SIGNAL,YES,POINT (-91.130312864016 30.479239548541)
C-035,CITY-PARISH,CONVENTION ST,LAFAYETTE ST,SIGNAL,YES,POINT (-91.189414476907 30.448205934852)
C-042,CITY-PARISH,DALRYMPLE DR,STATE ST,SIGNAL,YES,POINT (-91.171422055568 30.419435218663)
C-001,CITY-PARISH,ACADIAN THWY E,CHOCTAW DR,SIGNAL,NO,POINT (-91.155480340207 30.470196211474)
C-026,CITY-PARISH,COLLEGE DR,CORPORATE BLVD,SIGNAL,NO,POINT (-91.137717673128 30.425948331059)
C-028,CITY-PARISH,COLLEGE DR,WEBB PARK,SIGNAL,YES,POINT (-91.133342778848 30.435617572077)
C-004,CITY-PARISH,ACADIAN THWY E,WASHINGTON AVE,SIGNAL,NO,POINT (-91.155274743579 30.465134290705)
C-057,CITY-PARISH,FOSTER DR,CLAYCUT RD,SIGNAL,YES,POINT (-91.138248949145 30.441352219271)
C-047,CITY-PARISH,EVANGELINE ST,MC CLELLAND DR,SIGNAL,NO,POINT (-91.134996476404 30.493306995882)
C-010,CITY-PARISH,ACADIAN THWY,WINBOURNE AVE,SIGNAL,NO,POINT (-91.156538246181 30.478372214235)
C-021,CITY-PARISH,CHOCTAW DR,SORREL AVE,SIGNAL,NO,POINT (-91.180953990216 30.469433104536)
C-062,CITY-PARISH,GOODWOOD BLVD,CHEVELLE AVE,SIGNAL,YES,POINT (-91.098549841845 30.442552137323)
C-063,CITY-PARISH,GOODWOOD BLVD,LOBDELL AVE,SIGNAL,YES,POINT (-91.110636021792 30.442217554135)
C-006,CITY-PARISH,ACADIAN THWY W,FAIRFIELDS AVE,SIGNAL,NO,POINT (-91.156335131168 30.467038794237)
C-066,CITY-PARISH,GOODWOOD BLVD,SHERWOOD FOREST BLVD,SIGNAL,YES,POINT (-91.058042865455 30.448583753709)
C-053,CITY-PARISH,FOSTER DR,FAIRFIELDS AVE,SIGNAL,YES,POINT (-91.139818032032 30.467752457998)
C-065,CITY-PARISH,GOODWOOD BLVD,TARA BLVD,SIGNAL,NO,POINT (-91.096112026044 30.442614945125)
C-027,CITY-PARISH,COLLEGE DR,FOSTER DR,SIGNAL,NO,POINT (-91.131964408526 30.436518312638)
C-070,CITY-PARISH,GUS YOUNG AVE,38TH ST,SIGNAL,NO,POINT (-91.152191890215 30.462658231516)
C-009,CITY-PARISH,ACADIAN THWY,NORTH ST,SIGNAL,NO,POINT (-91.154779160333 30.453488790787)
C-043,CITY-PARISH,MYRTLE ST,EDDIE ROBINSON DR,SIGNAL,NO,POINT (-91.175483283581 30.43839239066)
C-041,CITY-PARISH,DALRYMPLE DR,MAY ST,SIGNAL,NO,POINT (-91.169167619343 30.422623918109)
C-055,CITY-PARISH,FOSTER DR,PRESCOTT RD,SIGNAL,YES,POINT (-91.140399873374 30.487577936147)
C-011,CITY-PARISH,ACADIAN THWY,NORTH BLVD,SIGNAL,NO,POINT (-91.154688210928 30.44821589802)
C-071,CITY-PARISH,GUS YOUNG AVE,46TH ST,SIGNAL,YES,POINT (-91.143659329744 30.462121455789)
C-040,CITY-PARISH,COURSEY BLVD,STUMBERG LN,SIGNAL,NO,POINT (-91.036001067974 30.410171170208)
C-020,CITY-PARISH,CHOCTAW DR,SHERWOOD FOREST BLVD,SIGNAL,NO,POINT (-91.058067476439 30.472429263909)
C-022,CITY-PARISH,CHOCTAW DR,WOODDALE BLVD,SIGNAL,NO,POINT (-91.11589191631 30.470911331992)
C-012,CITY-PARISH,ARDENWOOD DR,HARRY DR,SIGNAL,NO,POINT (-91.127585787926 30.456794220595)
C-025,CITY-PARISH,COLLEGE DR,CONCORD AVE,SIGNAL,YES,POINT (-91.141854708824 30.418530694565)
C-056,CITY-PARISH,FOSTER DR,WINBOURNE AVE,SIGNAL,YES,POINT (-91.140633043261 30.47888001718)
C-060,CITY-PARISH,GLEN OAKS AVE,SILVERLEAF AVE,SIGNAL,YES,POINT (-91.125279454908 30.510327133806)
C-029,CITY-PARISH,COLLEGE DR,WOODSIDE DR,SIGNAL,YES,POINT (-91.135256779791 30.430940478708)
C-016,CITY-PARISH,CHOCTAW DR,38TH ST,SIGNAL,NO,POINT (-91.152463357641 30.470275134188)
C-050,CITY-PARISH,GOODWOOD BLVD,FLANNERY RD,SIGNAL,YES,POINT (-91.034969174855 30.4485967158)
C-045,CITY-PARISH,EUGENE ST,BROUSSARD ST,SIGNAL,NO,POINT (-91.159658863087 30.435942486952)
C-030,CITY-PARISH,CONVENTION ST,4TH ST,SIGNAL,YES,POINT (-91.187043253221 30.448287334854)
C-067,CITY-PARISH,GOVERNMENT ST,ARDENWOOD AVE,SIGNAL,YES,POINT (-91.127201725346 30.44482651744)
C-003,CITY-PARISH,ACADIAN THWY,GUS YOUNG AVE,SIGNAL,NO,POINT (-91.155794316548 30.462545248711)
C-052,CITY-PARISH,FOSTER DR,EVANGELINE ST,SIGNAL,NO,POINT (-91.140627849816 30.493197725424)
C-008,CITY-PARISH,ACADIAN THWY,MOHICAN ST,SIGNAL,NO,POINT (-91.156728385169 30.484464402098)
C-068,CITY-PARISH,GOVERNMENT ST,LOBDELL AVE / INDEPENDENCE BLVD,SIGNAL,NO,POINT (-91.111645920378 30.445294978085)
C-019,CITY-PARISH,CHOCTAW DR,MONTERREY BLVD,SIGNAL,NO,POINT (-91.084770297595 30.471721156428)
C-036,CITY-PARISH,CONVENTION ST,3RD ST,SIGNAL,YES,POINT (-91.188229261651 30.448245973063)
C-039,CITY-PARISH,COURSEY BLVD,JONES CREEK RD,SIGNAL,NO,POINT (-91.01605926411 30.408534715007)
C-059,CITY-PARISH,SCENIC HWY,FUQUA ST,SIGNAL,NO,POINT (-91.167431972539 30.457359626051)
C-054,CITY-PARISH,FOSTER DR,HOLLYWOOD ST,SIGNAL,NO,POINT (-91.141105053898 30.499668818958)
C-031,CITY-PARISH,CONVENTION ST,5TH ST,SIGNAL,YES,POINT (-91.185806893137 30.448331808779)
C-048,CITY-PARISH,FAIRFIELDS ST,38TH ST,SIGNAL,NO,POINT (-91.15234987106 30.467175800527)
C-069,CITY-PARISH,GREENWELL ST,SILVERLEAF AVE,SIGNAL,YES,POINT (-91.1252918977 30.502398271705)
C-018,CITY-PARISH,CHOCTAW DR,LOBDELL BLVD,SIGNAL,NO,POINT (-91.122818122208 30.471104687412)
C-032,CITY-PARISH,CONVENTION ST,6TH ST,SIGNAL,YES,POINT (-91.184675916146 30.448359903249)
C-005,CITY-PARISH,ACADIAN THWY W,CHOCTAW DR,SIGNAL,NO,POINT (-91.156466438335 30.470155230829)
C-002,CITY-PARISH,ACADIAN THWY E,FAIRFIELDS AVE,SIGNAL,NO,POINT (-91.155355902284 30.467074744156)
C-051,CITY-PARISH,FOSTER DR,CHOCTAW DR,SIGNAL,YES,POINT (-91.14007548382 30.470585703601)
C-058,CITY-PARISH,FUQUA ST,19TH ST,SIGNAL,NO,POINT (-91.169677143182 30.457290981289)
C-061,CITY-PARISH,GOODWOOD BLVD,E AIRPORT AVE,SIGNAL,NO,POINT (-91.102031352467 30.442416124088)
C-313,CITY-PARISH,NICHOLSON DR,N STADIUM RD,SIGNAL,YES,POINT (-91.186651099669 30.412811361996)
C-298,CITY-PARISH,CHURCH ST,NEWELL ST,SIGNAL,NO,POINT (-91.179140938703 30.653013935104)
S-014,STATE,LA 19,THOMAS RD,SIGNAL,NO,POINT (-91.173798554171 30.558711724762)
S-379,CITY-PARISH,BURBANK DR,BEN HUR RD,SIGNAL,NO,POINT (-91.157324436002 30.387986707587)
S-250,CITY-PARISH,FLORIDA BLVD,MARILYN DR,SIGNAL,NO,POINT (-91.07695105933 30.45578916924)
C-288,CITY-PARISH,PERKINS RD,OAKDALE DR,SIGNAL,YES,POINT (-91.086179111508 30.372090441617)
S-377,CITY-PARISH,BURBANK DR,PARKER BLVD,SIGNAL,YES,POINT (-91.176579908204 30.401831050352)
S-344,CITY-PARISH,BLUEBONNET BLVD,ANSELMO LN,SIGNAL,NO,POINT (-91.093873435861 30.387306819586)
S-297,STATE,JEFFERSON HWY,FLOYNELL DR,SIGNAL,NO,POINT (-91.073469220654 30.409886134442)
S-382,CITY-PARISH,JEFFERSON HWY,ANTIOCH RD,SIGNAL,NO,POINT (-91.010542404209 30.369877148406)
S-374,CITY-PARISH,BURBANK DR,S STARING LN,SIGNAL,NO,POINT (-91.127342148346 30.361941276151)
C-223,CITY-PARISH,COMMUNITY COLLEGE DR,BRCC,BEACON,NO,POINT (-91.135990975998 30.449033436492)
C-317,CITY-PARISH,PERKINS RD,POLLARD PKWY,SIGNAL,NO,POINT (-91.132319787649 30.411071263506)
C-290,CITY-PARISH,PERKINS RD,GRAND AVE,SIGNAL,YES,POINT (-91.094892535327 30.377766042966)
S-295,STATE,HOOPER RD,LOVETT RD,SIGNAL,NO,POINT (-91.069586301626 30.540512962666)
C-319,CITY-PARISH,PERKINS RD,COLLEGE DR / LEE DR,SIGNAL,YES,POINT (-91.143330987979 30.416471093055)
S-005,STATE,GREENWELL SPRINGS RD,MAGNOLIA BRIDGE RD,SIGNAL,NO,POINT (-90.987851483273 30.534490719486)
S-121B,CITY-PARISH,NORTH BLVD,10TH ST,SIGNAL,NO,POINT (-91.179661102618 30.447393898422)
S-013,STATE,HOOPER RD,SULLIVAN RD,SIGNAL,NO,POINT (-91.036914929958 30.554276946836)
S-287,CITY-PARISH,AIRLINE HWY,HAMMOND AIRE,SIGNAL,NO,POINT (-91.082475918939 30.43398369074)
S-381,CITY-PARISH,AIRLINE HWY,ANTIOCH RD,SIGNAL,NO,POINT (-91.015456247249 30.361628433338)
C-316,CITY-PARISH,PERKINS RD,QUAIL DR,SIGNAL,NO,POINT (-91.123564733249 30.405434367501)
C-251,CITY-PARISH,CHOCTAW DR,PHLOX AVE,BEACON,NO,POINT (-91.179115329168 30.469495661486)
S-227,CITY-PARISH,SULLIVAN RD,WAX RD,SIGNAL,NO,POINT (-91.028770840695 30.54313336051)
C-318,CITY-PARISH,PERKINS RD,CONGRESS BLVD,SIGNAL,NO,POINT (-91.136690140021 30.413593821002)
S-129,CITY-PARISH,AIRLINE HWY,TOM DR,SIGNAL,NO,POINT (-91.105550779118 30.466302284949)
S-168,CITY-PARISH,FLORIDA ST,19TH ST,SIGNAL,YES,POINT (-91.169320090853 30.449875648347)
S-353,CITY-PARISH,NICHOLSON DR,BLUEBONNET BLVD,SIGNAL,NO,POINT (-91.135669126233 30.33609483469)
C-214,CITY-PARISH,GREENWELL SPRINGS RD,ARDENWOOD AVE,SIGNAL,NO,POINT (-91.130153604114 30.46757503342)
C-309,CITY-PARISH,LA 19,NEW WEIS RD,SIGNAL,NO,POINT (-91.153569329817 30.641233041151)
C-276,CITY-PARISH,GOVERNMENT ST,EDDIE ROBINSON DR,SIGNAL,YES,POINT (-91.175817558665 30.44363395571)
S-354,CITY-PARISH,FLORIDA ST,RIVER RD,SIGNAL,YES,POINT (-91.190400212463 30.449237874124)
S-363,CITY-PARISH,HARDING BLVD,ATM-EOC,SIGNAL,NO,POINT (-91.152848523099 30.521596103414)
S-346,CITY-PARISH,BLUEBONNET BLVD,HIGHLAND RD,SIGNAL,NO,POINT (-91.106655793147 30.36048863046)
S-294,CITY-PARISH,ESSEN LN,UNITED PLAZA BLVD,SIGNAL,NO,POINT (-91.100657494382 30.410449719826)
S-324,STATE,HIGHLAND RD,PERKINS RD,SIGNAL,NO,POINT (-91.031125547475 30.345187434604)
S-207,STATE,GREENWELL SPRINGS RD,N FLANNERY RD,SIGNAL,NO,POINT (-91.048467408612 30.499050634214)
S-291,CITY-PARISH,SIEGEN LN,RIEGER RD,SIGNAL,NO,POINT (-91.06484364016 30.38428925441)
S-366,CITY-PARISH,OLD HAMMOND HWY,N HARRELL'S FERRY RD,SIGNAL,NO,POINT (-91.064600852279 30.434940805275)
S-182,STATE,JOOR RD,MICKENS RD,SIGNAL,NO,POINT (-91.08534150893 30.504354840622)
C-115,CITY-PARISH,NORTH BLVD,N 4TH ST/SAINT FERDINAND ST,SIGNAL,YES,POINT (-91.186838628165 30.447094775504)
S-349,CITY-PARISH,ESSEN LN,UNITED PLAZA BLVD,SIGNAL,NO,POINT (-91.099464637656 30.41300564638)
S-308,CITY-PARISH,ACADIAN THWY,RICHLAND PLANTATION,SIGNAL,NO,POINT (-91.151510920654 30.423124085952)
C-221,CITY-PARISH,FRENCHTOWN ROAD,WINTERSET DR,BEACON,NO,POINT (-91.028508334526 30.506793522012)
C-321,CITY-PARISH,PERKINS RD,VALLEY ST,SIGNAL,NO,POINT (-91.148807183519 30.419161937962)
S-205,STATE,JOOR RD,LOVETT RD,SIGNAL,NO,POINT (-91.062482738803 30.531865032118)
C-324,CITY-PARISH,BURBANK DR,GARDERE LN,SIGNAL,NO,POINT (-91.1239532522 30.36036420779)
C-268,CITY-PARISH,O'NEAL LN,WALMART,SIGNAL,YES,POINT (-91.007592653974 30.438411552227)
C-297,CITY-PARISH,S RIVER RD,WATER CAMPUS,SIGNAL,YES,POINT (-91.19017999734 30.437073401702)
C-049,CITY-PARISH,FAIRWAY DR,,BEACON,NO,POINT (-91.091269865175 30.429003071272)
C-322,CITY-PARISH,HIGHLAND RD,SIEGEN LN / BURBANK DR,SIGNAL,NO,POINT (-91.083398941751 30.350823857014)
C-252,CITY-PARISH,TIGER BEND RD,ELLIOT RD,BEACON,NO,POINT (-90.990708395634 30.388202018515)
S-378,CITY-PARISH,GREENWELL SPRINGS RD,CENTRAL THWY,SIGNAL,NO,POINT (-91.026284820524 30.514896047978)
C-306,CITY-PARISH,LA 19,PORT HUDSON-PRIDE RD,SIGNAL,NO,POINT (-91.148927576676 30.68392601227)
C-220,CITY-PARISH,GOODWOOD BLVD,,BEACON,NO,POINT (-91.071548448977 30.444753880559)
C-262,CITY-PARISH,O'NEAL LN,STRAIN RD,SIGNAL,NO,POINT (-91.008353445382 30.457221115507)
S-285,STATE,HOOPER RD,BLACKWATER RD,SIGNAL,NO,POINT (-91.086899670833 30.533166995276)
S-015,STATE,HOOPER RD,MICKENS RD,SIGNAL,YES,POINT (-91.127246529707 30.526348550162)
C-299,CITY-PARISH,HIGH ST,ROLLINS RD / OLD BAKER RD,SIGNAL,NO,POINT (-91.158953188449 30.649872316552)
S-056,STATE,AIRLINE HWY,HIGHLAND RD,SIGNAL,NO,POINT (-91.008672467464 30.359030486447)
S-242,STATE,LA 19,RAFE MAYER RD,SIGNAL,NO,POINT (-91.172213540409 30.566893605314)
S-218,STATE,PLANK RD,KENT DR,SIGNAL,NO,POINT (-91.124035381103 30.589067073389)
S-284,CITY-PARISH,AIRLINE HWY,E INDUSTRIAL AVE,SIGNAL,NO,POINT (-91.110399725702 30.473118695234)
C-121,CITY-PARISH,NORTH BLVD,SAINT LOUIS ST,SIGNAL,YES,POINT (-91.187609505043 30.447191698565)
S-351,CITY-PARISH,RIVER RD,STATE CAPITOL DR,SIGNAL,YES,POINT (-91.189977242949 30.456126570887)
S-281,CITY-PARISH,SIEGEN LN,REITZ AVE,SIGNAL,NO,POINT (-91.063087479186 30.387163406111)
S-305,CITY-PARISH,AIRLINE HWY,SHERWOOD COMMON BLVD,SIGNAL,NO,POINT (-91.058956087918 30.40430455711)
S-275,CITY-PARISH,PLANK RD,DENHAM ST,SIGNAL,NO,POINT (-91.151437174443 30.504448917768)
C-311,CITY-PARISH,NICHOLSON DR,PED CROSSING,SIGNAL,YES,POINT (-91.187364328419 30.415556934192)
S-334,CITY-PARISH,JEFFERSON HWY,BLUEBONNET BLVD,SIGNAL,NO,POINT (-91.078430366747 30.411202661732)
C-310,CITY-PARISH,PLANK RD,LA 64,SIGNAL,NO,POINT (-91.105264621011 30.648979291878)
C-269,CITY-PARISH,O'NEAL LN,MEDICAL CENTER DR,SIGNAL,NO,POINT (-91.007589377351 30.439727306966)
S-330,CITY-PARISH,ESSEN LN,ESSEN PARK AVE,SIGNAL,NO,POINT (-91.102944633802 30.405579059784)
S-312,CITY-PARISH,RIVER RD,CASINO,SIGNAL,NO,POINT (-91.189445334021 30.460208790353)
C-289,CITY-PARISH,PERKINS RD,GREAT OAKS DR / WIMBLEDON AVE,SIGNAL,YES,POINT (-91.0899686498 30.374559657979)
S-371,CITY-PARISH,MALL OF LOUISIANA BLVD,I-10,SIGNAL,NO,POINT (-91.078154633447 30.390729117791)
C-312,CITY-PARISH,NICHOLSON DR,S STADIUM RD / SKIP BERTMAN DR,SIGNAL,YES,POINT (-91.186462120255 30.411202342937)
C-094,CITY-PARISH,LAUREL ST,4TH ST,SIGNAL,YES,POINT (-91.187116208903 30.450400702378)
S-007,STATE,LA 19,RAY WEILAND DR / TRUMAN ST,SIGNAL,NO,POINT (-91.168599931606 30.585940965513)
S-375,CITY-PARISH,SIEGEN LN,N OAK HILLS PKWY,SIGNAL,YES,POINT (-91.079071514751 30.360747450612)
C-250,CITY-PARISH,LOBDELL AVE,SEVENOAKS AVE,BEACON,NO,POINT (-91.110731951425 30.439264448735)
S-321,CITY-PARISH,OLD HAMMOND HWY,CHEVELLE AVE,SIGNAL,NO,POINT (-91.098543093168 30.431030278464)
C-323,CITY-PARISH,BLUEBONNET BLVD,BURBANK DR,SIGNAL,NO,POINT (-91.110320211508 30.354350161139)
C-295,CITY-PARISH,MILLERVILLE RD,S FLANNERY RD,SIGNAL,NO,POINT (-91.024481781563 30.44473245711)
S-357,CITY-PARISH,HARDING BLVD,HOWELL BLVD,SIGNAL,NO,POINT (-91.156776455785 30.52147619009)
S-376,CITY-PARISH,AIRLINE HWY,STUMBERG LN / PECUE BLVD,SIGNAL,NO,POINT (-91.038358753194 30.380881951045)
S-189,STATE,SAMUELS RD,MT PLEASANT-ZACHARY RD,SIGNAL,NO,POINT (-91.247835313324 30.64684876476)
S-301,CITY-PARISH,DRUSILLA LN,I-12,SIGNAL,NO,POINT (-91.088921991425 30.418925801753)
S-333,CITY-PARISH,FLORIDA BLVD,CENTERWAY BLVD,SIGNAL,NO,POINT (-91.091874115467 30.45357435031)
S-355,CITY-PARISH,RIVER RD,LAUREL ST,SIGNAL,YES,POINT (-91.190471496001 30.450301572875)
S-322,CITY-PARISH,ESSEN LN,CONSTANTIN BLVD,SIGNAL,NO,POINT (-91.103710120492 30.404408704454)
S-280,CITY-PARISH,SIEGEN LN,INDUSTRIPLEX BLVD,SIGNAL,NO,POINT (-91.061713074457 30.38945062216)
S-309,CITY-PARISH,ACADIAN THWY,BAWELL ST,SIGNAL,NO,POINT (-91.151088057439 30.426951064129)
S-289,STATE,JEFFERSON HWY,HIGHLAND RD,SIGNAL,NO,POINT (-91.003733549659 30.362313648151)
S-361,CITY-PARISH,ESSEN LN,ARCHIVES AVE,SIGNAL,NO,POINT (-91.098833901066 30.414426682155)
C-249,CITY-PARISH,GOODWOOD AVE,SEVENOAKS AVE,BEACON,NO,POINT (-91.127162964092 30.441677747293)
C-267,CITY-PARISH,O'NEAL LN,BRISTOE AVE,SIGNAL,YES,POINT (-91.007660730921 30.435812681387)
S-341,CITY-PARISH,BLUEBONNET BLVD,MALL DRIVE 1,SIGNAL,NO,POINT (-91.088337776849 30.393223299822)
S-286,CITY-PARISH,SIEGEN LN,KINGLET DR / N MALL DR,SIGNAL,NO,POINT (-91.067356486141 30.379471625731)
S-213,STATE,GREENWELL SPRINGS RD,FRENCHTOWN RD,SIGNAL,NO,POINT (-91.032426855 30.508301520334)
S-311,CITY-PARISH,JEFFERSON HWY,I-12,SIGNAL,NO,POINT (-91.089020348765 30.416729306372)
S-277,STATE,GREENWELL SPRINGS RD,MORGAN RD,SIGNAL,NO,POINT (-90.998774928842 30.518324930319)
C-301,CITY-PARISH,MAIN ST,WALMART,SIGNAL,NO,POINT (-91.14267502692 30.648730311174)
C-287,CITY-PARISH,PERKINS RD,WINDERMERE BLVD / YMCA PLAZA DR,SIGNAL,YES,POINT (-91.078177629906 30.369454580938)
S-306,CITY-PARISH,BURBANK DR,JENNIFER JEAN DR,SIGNAL,YES,POINT (-91.17443653496 30.400141951028)
S-350,CITY-PARISH,SULLIVAN RD,HUNTLEY AVE,SIGNAL,NO,POINT (-91.029306697022 30.546094272983)
C-099,CITY-PARISH,LAUREL ST,3RD ST,SIGNAL,YES,POINT (-91.188328704867 30.450364830156)
C-305,CITY-PARISH,OLD SCENIC HWY,MT PLEASANT-ZACHARY RD / CHURCH ST,SIGNAL,NO,POINT (-91.193329044208 30.65469610111)
C-266,CITY-PARISH,O'NEAL LN,FIREWOOD AVE,SIGNAL,YES,POINT (-91.007650496873 30.434123708201)
C-315,CITY-PARISH,PERKINS RD,KENILWORTH PKWY,SIGNAL,NO,POINT (-91.116674217698 30.399716721629)
S-370,CITY-PARISH,PLANK RD,COCA-COLA FACILITY,SIGNAL,NO,POINT (-91.140287893099 30.535059202118)
S-342,CITY-PARISH,BLUEBONNET BLVD,PICARDY AVE / MALL OF LOUISIANA BLVD,SIGNAL,NO,POINT (-91.090882400218 30.391640849769)
S-326,CITY-PARISH,JEFFERSON HWY,WRENWOOD BLVD / OFFICE PARK BLVD,SIGNAL,NO,POINT (-91.101608013956 30.422030548076)
S-191,STATE,AIRLINE HWY,SHERWOOD FOREST BLVD / SIEGEN LN,SIGNAL,NO,POINT (-91.0541326158 30.399014221743)
S-083,CITY-PARISH,FLORIDA ST,10TH ST,SIGNAL,YES,POINT (-91.179892071523 30.449578645301)
S-006,STATE,LA 19,GROOM RD,SIGNAL,YES,POINT (-91.168144942536 30.588299873351)
C-081,CITY-PARISH,HIGHLAND RD,VETERANS DR,SIGNAL,YES,POINT (-91.176249576436 30.413325618471)
C-302,STATE,MAIN ST,MONTEGUDO BLVD,SIGNAL,NO,POINT (-91.13859037565 30.650161626735)
C-300,CITY-PARISH,MAIN ST,LEE ST,SIGNAL,NO,POINT (-91.154915701353 30.648322944966)
S-261,STATE,JOOR RD,GREENWELL ST,SIGNAL,NO,POINT (-91.087134914897 30.502469375322)
S-258,STATE,GREENWELL SPRINGS RD,SULLIVAN RD,SIGNAL,NO,POINT (-91.029771794641 30.511802627211)
S-263,STATE,JEFFERSON HWY,TIGER BEND RD,SIGNAL,NO,POINT (-91.034222061135 30.392020984269)
S-221,STATE,JOOR RD,PRESCOTT RD,SIGNAL,NO,POINT (-91.088668117287 30.491161765071)
S-383,STATE,HIGHLAND RD,I-10,SIGNAL,NO,POINT (-91.030173346926 30.34604113934)
S-008,STATE,LA 19,LAVEY LN / S MAGNOLIA AVE,SIGNAL,NO,POINT (-91.170563731193 30.575292376738)
C-307,CITY-PARISH,LA 19,CHURCH ST,SIGNAL,NO,POINT (-91.150243671598 30.649370348633)
S-288,STATE,JEFFERSON HWY,BARINGER-FOREMAN RD,SIGNAL,NO,POINT (-91.017155126122 30.375690699558)
S-012,STATE,HOOPER RD,JOOR RD,SIGNAL,NO,POINT (-91.053604137818 30.547231283032)
C-261,CITY-PARISH,O'NEAL LN,COLISEUM AVE / WOODWICK AVE,SIGNAL,NO,POINT (-91.008298879132 30.454072232135)
C-320,CITY-PARISH,PERKINS RD,BALIS ST / STUART AVE,SIGNAL,NO,POINT (-91.146826478816 30.418026366719)
C-282,CITY-PARISH,JEFFERSON HWY,TOWNE CENTER BLVD,SIGNAL,YES,POINT (-91.115310825577 30.433965146482)
S-077,CITY-PARISH,JEFFERSON HWY,CORPORATE BLVD / OLD HAMMOND HWY,SIGNAL,NO,POINT (-91.10918744237 30.430760367104)
C-304,CITY-PARISH,MAIN ST,HOME DEPOT,SIGNAL,NO,POINT (-91.133520754352 30.649549999685)
C-314,CITY-PARISH,PERKINS RD,ONE PERKINS PLACE DR,SIGNAL,NO,POINT (-91.115139713334 30.398572053274)
C-024,CITY-PARISH,COLLEGE DR,,BEACON,NO,POINT (-91.129242163777 30.438148524079)
C-072,CITY-PARISH,E HARRISON ST,TENNESSEE ST,BEACON,NO,POINT (-91.176105714925 30.429126507189)
S-274,CITY-PARISH,NICHOLSON DR,BURBANK DR / GOURRIER AVE,SIGNAL,NO,POINT (-91.183738936237 30.40455211902)
S-327,CITY-PARISH,COLLEGE DR,I-10 / CONSTITUTION AVE,SIGNAL,NO,POINT (-91.139803118391 30.422310015733)
S-111,STATE,PLANK RD,THOMAS RD / COMITE DR,SIGNAL,NO,POINT (-91.133376124933 30.55880861688)
S-196,STATE,LA 19,BAKER BLVD,SIGNAL,NO,POINT (-91.166945697507 30.59447879444)
S-293,STATE,AIRLINE HWY,BARINGER-FOREMAN RD,SIGNAL,NO,POINT (-91.021876209252 30.364094572246)
SU-1,STATE,SWAN AVE,ISABEL HERSON DR,SIGNAL,NO,POINT (-91.186253428293 30.523582620908)
S-347,CITY-PARISH,BLUEBONNET BLVD,N OAK HILLS PKWY,SIGNAL,NO,POINT (-91.102715035402 30.369621122663)
C-291,CITY-PARISH,DRUSILLA LN,INTERLINE AVE,SIGNAL,NO,POINT (-91.088081631881 30.420402602015)
C-263,CITY-PARISH,O'NEAL LN,OLD HAMMOND HWY,SIGNAL,NO,POINT (-91.008378152946 30.460199694959)
C-293,CITY-PARISH,W LEE DR,FROG ALY,SIGNAL,NO,POINT (-91.164819422086 30.390503388712)
S-272,CITY-PARISH,FLORIDA BLVD,CENTRAL THWY / O'NEAL LN,SIGNAL,NO,POINT (-91.010036586485 30.466565727007)
C-097,CITY-PARISH,LAUREL ST,7TH ST,SIGNAL,YES,POINT (-91.183473134184 30.45051081785)
C-265,CITY-PARISH,O'NEAL LN,S HARRELL'S FERRY RD,SIGNAL,YES,POINT (-91.007572357435 30.425391501055)
C-308,CITY-PARISH,LA 19,MAIN ST,SIGNAL,NO,POINT (-91.150472858913 30.647834118471)
S-368,CITY-PARISH,SIEGEN LN,CLOVERLAND AVE,SIGNAL,NO,POINT (-91.058159534197 30.395252619529)
C-294,CITY-PARISH,STANFORD AVE,BR BEACH,SIGNAL,YES,POINT (-91.16353349726 30.408324195742)
C-257,CITY-PARISH,W LAKESHORE DR,E PARKER BLVD,SIGNAL,NO,POINT (-91.170876270614 30.407831623085)
S-238,STATE,AIRLINE HWY,JEFFERSON HWY,SIGNAL,NO,POINT (-91.051326440341 30.395613405461)
S-201,STATE,HOOPER RD,FOSTER RD,SIGNAL,NO,POINT (-91.108121329691 30.529192020642)
C-096,CITY-PARISH,LAUREL ST,6TH ST,SIGNAL,YES,POINT (-91.184739116981 30.450475722001)
S-343,CITY-PARISH,BLUEBONNET BLVD,MALL DRIVE 3,SIGNAL,NO,POINT (-91.092566571613 30.389310810873)
S-372,CITY-PARISH,PERKINS RD,PECUE LN,SIGNAL,NO,POINT (-91.052663753385 30.360397760219)
S-373,CITY-PARISH,RIVER RD,RIVER PARK BLVD,SIGNAL,NO,POINT (-91.188979007107 30.462151169639)
S-315,STATE,JEFFERSON HWY,HOO SHOO TOO RD,SIGNAL,NO,POINT (-90.99276812878 30.3554140511)
S-402,STATE,PLANK RD,BLOUNT RD,SIGNAL,NO,POINT (-91.136850216891 30.54422580535)
S-359,CITY-PARISH,BLUEBONNET BLVD,PARK ROWE,SIGNAL,NO,POINT (-91.096905115513 30.380923447038)
C-247,CITY-PARISH,HENNESSY BLVD,OLOL,BEACON,NO,POINT (-91.10695129877 30.40239206838)
C-023,CITY-PARISH,COLLEGE DR,BENNINGTON AVE / RABEY ST,SIGNAL,YES,POINT (-91.140572392357 30.420990402215)
C-264,CITY-PARISH,O'NEAL LN,HOBBY LOBBY / OLD LONDON,SIGNAL,NO,POINT (-91.007581959028 30.445348823479)
S-271,CITY-PARISH,GREENWELL SPRINGS RD,RIDGEMONT DR,SIGNAL,NO,POINT (-91.071360153807 30.491053118421)
